Age,Attrition,Gender,MaritalStatus,MonthlyIncome
41,Yes,Female,Single,5993
49,No,Male,Married,5130
37,Yes,Male,Single,2090
33,No,Female,Married,2909
27,No,Male,Married,3468
32,No,Male,Single,3068
59,No,Female,Married,2670
30,No,Male,Divorced,2693
38,No,Male,Single,9526
36,No,Male,Married,5237
35,No,Male,Married,2426
29,No,Female,Single,4193
31,No,Male,Divorced,2911
34,No,Male,Divorced,2661
28,Yes,Male,Single,2028
29,No,Female,Divorced,9980
32,No,Male,Divorced,3298
22,No,Male,Divorced,2935
53,No,Female,Married,15427
38,No,Male,Single,3944
24,No,Female,Divorced,4011
36,Yes,Male,Single,3407
34,No,Female,Single,11994
21,No,Male,Single,1232
34,Yes,Male,Single,2960
53,No,Female,Divorced,19094
32,Yes,Female,Single,3919
42,No,Male,Married,6825
44,No,Female,Married,10248
46,No,Female,Single,18947
33,No,Male,Single,2496
44,No,Male,Married,6465
30,No,Male,Single,2206
39,Yes,Male,Married,2086
24,Yes,Male,Married,2293
43,No,Female,Divorced,2645
50,Yes,Male,Married,2683
35,No,Female,Married,2014
36,No,Female,Married,3419
33,No,Female,Married,5376
35,No,Male,Divorced,1951
27,No,Female,Divorced,2341
26,Yes,Male,Single,2293
27,No,Male,Single,8726
30,No,Female,Single,4011
41,Yes,Female,Married,19545
34,No,Male,Single,4568
37,No,Male,Married,3022
46,No,Male,Single,5772
35,No,Male,Married,2269
48,Yes,Male,Single,5381
28,Yes,Male,Single,3441
44,No,Female,Divorced,5454
35,No,Male,Married,9884
26,No,Female,Married,4157
33,No,Female,Single,13458
35,No,Male,Married,9069
35,No,Female,Married,4014
31,No,Male,Divorced,5915
37,No,Male,Divorced,5993
32,No,Male,Married,6162
38,No,Female,Single,2406
50,No,Female,Divorced,18740
59,No,Female,Single,7637
36,No,Female,Divorced,10096
55,No,Female,Divorced,14756
36,No,Male,Single,6499
45,No,Male,Divorced,9724
35,No,Male,Married,2194
36,Yes,Male,Married,3388
59,No,Female,Single,5473
29,No,Male,Married,2703
31,No,Male,Single,2501
32,No,Male,Married,6220
36,No,Female,Married,3038
31,No,Female,Single,4424
35,No,Male,Single,4312
45,No,Male,Married,13245
37,No,Male,Single,13664
46,No,Male,Divorced,5021
30,No,Male,Married,5126
35,No,Male,Single,2859
55,No,Male,Married,10239
38,No,Female,Divorced,5329
34,No,Male,Married,4325
56,No,Male,Single,7260
23,No,Male,Divorced,2322
51,No,Male,Married,2075
30,No,Male,Married,4152
46,Yes,Male,Single,9619
40,No,Male,Married,13503
51,No,Male,Single,5441
30,No,Female,Divorced,5209
46,No,Male,Married,10673
32,No,Male,Single,5010
54,No,Female,Married,13549
24,No,Female,Married,4999
28,No,Male,Married,4221
58,No,Male,Single,13872
44,No,Male,Married,2042
37,Yes,Male,Divorced,2073
32,No,Male,Single,2956
20,Yes,Female,Single,2926
34,No,Female,Single,4809
37,No,Male,Divorced,5163
59,No,Female,Married,18844
50,No,Female,Married,18172
25,Yes,Male,Single,5744
25,No,Male,Married,2889
22,No,Female,Single,2871
51,No,Female,Single,7484
34,Yes,Male,Single,6074
54,No,Female,Single,17328
24,No,Male,Married,2774
34,No,Female,Divorced,4505
37,No,Male,Single,7428
34,No,Female,Single,11631
36,No,Female,Married,9738
36,No,Female,Divorced,2835
43,No,Male,Married,16959
30,No,Male,Divorced,2613
33,No,Male,Married,6146
56,Yes,Female,Married,4963
51,No,Male,Single,19537
31,Yes,Male,Married,6172
26,No,Female,Married,2368
58,Yes,Female,Married,10312
19,Yes,Male,Single,1675
22,No,Male,Married,2523
49,No,Female,Married,6567
43,No,Female,Single,4739
50,No,Female,Single,9208
31,Yes,Female,Married,4559
41,No,Male,Divorced,8189
26,No,Female,Married,2942
36,No,Male,Divorced,4941
51,Yes,Male,Single,10650
39,No,Female,Married,5902
25,No,Male,Married,8639
30,No,Male,Married,6347
32,Yes,Female,Single,4200
45,No,Male,Single,3452
38,No,Female,Single,4317
30,No,Female,Single,2632
32,No,Male,Divorced,4668
30,No,Female,Divorced,3204
30,No,Male,Single,2720
41,No,Male,Divorced,17181
41,No,Male,Married,2238
19,No,Female,Single,1483
40,No,Female,Divorced,5605
35,No,Male,Married,7295
53,No,Male,Married,2306
45,No,Male,Divorced,2348
32,No,Female,Single,8998
29,No,Male,Married,4319
51,No,Male,Married,6132
58,No,Female,Married,3346
40,No,Male,Married,10855
34,No,Female,Married,2231
22,No,Male,Married,2323
27,No,Male,Divorced,2024
28,No,Male,Married,2713
57,No,Male,Divorced,9439
27,No,Male,Divorced,2566
50,No,Female,Single,19926
41,No,Male,Divorced,2451
30,No,Female,Married,9419
38,No,Female,Single,8686
32,No,Male,Single,3038
27,No,Male,Married,3058
19,Yes,Female,Single,2325
36,No,Male,Single,2088
30,No,Male,Divorced,3072
45,No,Female,Divorced,5006
56,No,Female,Divorced,4257
33,No,Male,Single,2500
19,Yes,Male,Single,1102
46,No,Female,Divorced,10453
38,No,Female,Single,2288
31,No,Female,Married,3929
34,No,Female,Single,2311
41,Yes,Female,Single,3140
50,No,Male,Married,3690
53,No,Female,Divorced,4450
33,No,Female,Married,2756
40,No,Female,Married,19033
55,No,Male,Single,18722
34,No,Male,Married,9547
51,No,Female,Single,13734
52,No,Male,Married,19999
27,No,Female,Single,2279
35,Yes,Male,Married,5916
43,No,Male,Divorced,2089
45,No,Male,Married,16792
37,No,Male,Married,3564
35,No,Female,Single,4425
42,No,Female,Divorced,5265
38,No,Male,Married,6553
38,No,Male,Married,6261
27,No,Male,Married,4298
49,No,Male,Divorced,6804
34,No,Male,Divorced,3815
40,No,Male,Married,2741
38,Yes,Male,Married,6673
29,Yes,Female,Married,7639
22,No,Male,Divorced,2328
36,No,Female,Single,2153
40,No,Male,Married,4876
46,No,Male,Divorced,9396
32,Yes,Male,Married,10400
30,No,Male,Single,8474
27,No,Female,Single,9981
51,No,Male,Married,12490
30,Yes,Female,Single,2657
41,No,Female,Single,13591
30,Yes,Female,Single,6696
29,Yes,Male,Single,2058
45,No,Female,Single,8865
54,No,Female,Married,5940
36,No,Male,Single,5914
33,No,Female,Married,2622
37,No,Male,Divorced,12185
38,No,Male,Divorced,10609
31,No,Male,Married,4345
59,No,Male,Married,2177
37,No,Male,Divorced,2793
29,No,Female,Married,7918
35,No,Female,Single,8789
29,Yes,Male,Single,2389
52,No,Female,Single,3212
42,No,Male,Married,19232
59,No,Male,Married,2267
50,No,Female,Divorced,19517
33,Yes,Male,Married,2436
43,No,Female,Married,16064
33,Yes,Female,Married,2707
52,No,Male,Single,19068
32,No,Female,Married,3931
32,Yes,Male,Single,3730
39,No,Female,Divorced,2232
32,No,Male,Married,4465
41,No,Male,Divorced,3072
40,No,Male,Divorced,3319
45,No,Male,Married,19202
31,No,Male,Divorced,13675
33,No,Female,Married,2911
34,No,Male,Married,5957
37,No,Female,Married,3920
45,No,Male,Married,6434
37,Yes,Male,Divorced,10048
39,No,Female,Single,10938
29,No,Male,Single,2340
42,No,Female,Single,6545
29,No,Male,Divorced,6931
25,No,Female,Married,4898
42,No,Female,Divorced,2593
40,No,Male,Divorced,19436
51,No,Male,Married,2723
31,Yes,Male,Single,3479
32,No,Male,Married,2794
38,No,Male,Married,5249
32,No,Male,Single,2176
46,No,Female,Married,16872
28,Yes,Male,Single,3485
29,No,Male,Married,6644
31,No,Male,Married,5582
25,No,Male,Divorced,4000
45,No,Male,Married,13496
36,No,Male,Married,3210
55,No,Male,Single,19045
47,Yes,Male,Married,11849
28,No,Male,Married,2070
37,No,Male,Married,6502
21,No,Male,Single,3230
37,No,Female,Divorced,13603
35,No,Female,Divorced,11996
38,No,Female,Divorced,5605
26,No,Female,Divorced,6397
50,No,Male,Divorced,19144
53,No,Male,Married,17584
42,No,Male,Married,4907
29,No,Male,Single,4554
55,No,Male,Married,5415
26,No,Male,Married,4741
37,No,Female,Single,2115
44,Yes,Male,Divorced,3161
38,No,Male,Divorced,5745
26,Yes,Male,Divorced,2373
28,No,Female,Single,3310
49,No,Female,Single,18665
36,No,Male,Single,4485
31,No,Female,Divorced,2789
26,Yes,Male,Single,5828
37,No,Male,Married,2326
42,No,Female,Married,13525
18,Yes,Male,Single,1420
35,No,Male,Married,8020
36,No,Male,Married,3688
51,No,Male,Divorced,5482
41,No,Male,Single,16015
18,No,Female,Single,1200
28,No,Male,Single,5661
31,No,Male,Married,6929
39,No,Male,Divorced,9613
36,No,Female,Married,5674
32,No,Male,Married,5484
38,No,Female,Married,12061
58,No,Male,Divorced,5660
31,No,Male,Married,4821
31,No,Male,Married,6410
45,No,Male,Divorced,5210
31,No,Male,Divorced,2695
33,No,Female,Married,11878
39,No,Male,Married,17068
43,No,Female,Single,2455
49,No,Female,Single,13964
52,Yes,Male,Married,4941
27,No,Female,Single,2478
32,No,Female,Married,5228
27,No,Male,Single,4478
31,No,Male,Divorced,7547
32,No,Female,Single,5055
28,Yes,Male,Married,3464
30,No,Female,Married,5775
31,No,Female,Married,8943
39,No,Male,Married,19272
39,Yes,Female,Married,5238
33,No,Male,Single,4682
47,No,Male,Married,18300
43,No,Female,Divorced,5257
27,No,Male,Married,6349
54,No,Female,Single,4869
43,No,Female,Married,9985
45,No,Male,Married,3697
40,No,Male,Married,7457
29,Yes,Male,Married,2119
29,No,Male,Single,3983
30,No,Female,Divorced,6118
27,No,Female,Married,6214
37,No,Male,Divorced,6347
38,No,Male,Divorced,11510
31,No,Female,Single,7143
29,No,Female,Divorced,8268
35,No,Male,Single,8095
23,No,Male,Divorced,2904
41,No,Male,Single,6032
47,No,Male,Single,2976
42,No,Female,Single,15992
29,No,Male,Married,4649
42,No,Male,Divorced,2696
32,No,Female,Married,2370
48,No,Female,Married,12504
37,No,Male,Divorced,5974
30,No,Female,Married,4736
26,No,Male,Married,5296
42,No,Male,Single,6781
21,Yes,Female,Single,2174
36,No,Female,Single,6653
36,No,Male,Married,9699
57,No,Male,Married,6755
40,No,Female,Married,2213
21,No,Male,Single,2610
33,Yes,Female,Single,2851
37,No,Female,Married,3452
46,No,Female,Married,5258
41,Yes,Male,Single,9355
50,No,Male,Single,10496
40,Yes,Male,Married,6380
31,No,Male,Single,2657
21,Yes,Female,Single,2716
29,No,Male,Single,2201
35,No,Male,Single,6540
27,No,Male,Divorced,3816
28,No,Male,Single,5253
49,No,Male,Single,10965
51,No,Female,Married,4936
36,No,Female,Married,2543
34,Yes,Male,Single,5304
55,No,Female,Single,16659
24,No,Female,Divorced,4260
30,No,Male,Married,2476
26,Yes,Male,Single,3102
22,No,Female,Married,2244
36,No,Male,Married,7596
30,Yes,Male,Single,2285
37,No,Female,Divorced,3034
40,No,Female,Divorced,5715
42,No,Female,Divorced,2576
37,No,Male,Single,4197
43,No,Male,Divorced,14336
40,No,Female,Married,3448
54,No,Male,Married,19406
34,No,Female,Married,6538
31,No,Female,Married,4306
43,No,Male,Married,2258
43,No,Female,Divorced,4522
25,No,Female,Single,4487
37,No,Female,Married,4449
31,No,Male,Married,2218
39,No,Male,Divorced,19197
56,No,Female,Married,13212
30,No,Female,Single,6577
41,No,Male,Married,8392
28,No,Male,Divorced,4558
25,Yes,Male,Married,4031
52,No,Male,Married,7969
45,No,Male,Married,2654
52,No,Female,Married,16555
42,No,Female,Divorced,4556
30,No,Female,Single,6091
60,No,Female,Married,19566
46,No,Female,Divorced,4810
42,No,Female,Married,4523
24,Yes,Female,Single,3202
34,Yes,Female,Divorced,2351
38,No,Male,Married,1702
40,No,Female,Married,18041
26,No,Female,Divorced,2886
30,No,Male,Married,2097
29,No,Male,Married,11935
29,Yes,Female,Married,2546
19,Yes,Male,Single,2564
30,No,Female,Married,8412
57,No,Male,Divorced,14118
50,No,Male,Married,17046
30,No,Female,Single,2564
60,No,Female,Married,10266
47,No,Female,Divorced,5070
46,No,Male,Married,17861
35,No,Male,Single,4230
54,No,Female,Single,3780
34,No,Male,Divorced,2768
46,No,Female,Married,9071
31,No,Male,Divorced,10648
33,Yes,Male,Married,13610
33,Yes,Male,Divorced,3408
30,No,Male,Single,2983
35,No,Male,Married,7632
31,Yes,Male,Married,9824
34,Yes,Female,Divorced,9950
42,No,Male,Married,2093
36,No,Male,Single,9980
22,Yes,Male,Single,3894
48,No,Female,Married,4051
55,No,Female,Single,16835
41,No,Male,Single,6230
35,No,Male,Married,4717
40,No,Female,Single,13237
39,No,Female,Married,3755
31,No,Male,Single,6582
42,No,Male,Married,7406
45,No,Male,Married,4805
26,Yes,Female,Divorced,2741
29,No,Male,Divorced,4262
33,No,Female,Divorced,16184
31,No,Male,Divorced,11557
18,Yes,Male,Single,1878
40,No,Male,Divorced,10932
41,No,Female,Single,6811
26,No,Male,Divorced,4306
35,No,Female,Single,4859
34,No,Male,Single,5337
26,Yes,Male,Single,2340
37,No,Female,Single,7491
46,No,Female,Married,10527
41,No,Female,Married,16595
37,No,Male,Divorced,8834
52,No,Male,Divorced,5577
32,Yes,Male,Married,4707
24,No,Male,Married,2400
38,No,Female,Married,9824
37,No,Female,Married,6447
49,No,Male,Divorced,19502
24,No,Male,Married,2725
26,No,Male,Married,6272
24,No,Male,Married,2127
50,No,Male,Married,18200
25,No,Male,Married,2096
24,Yes,Female,Married,2886
30,Yes,Male,Married,2033
34,No,Male,Married,3622
31,Yes,Male,Divorced,4233
35,No,Male,Single,3681
31,No,Male,Divorced,5460
27,No,Female,Divorced,2187
37,No,Male,Married,9602
20,No,Female,Single,2836
42,No,Female,Married,4089
43,No,Male,Divorced,16627
38,No,Female,Single,2619
43,No,Male,Divorced,5679
48,No,Female,Married,15402
44,No,Female,Single,5985
34,No,Female,Divorced,2579
27,Yes,Male,Divorced,3041
21,No,Male,Single,3447
44,No,Male,Married,19513
22,No,Male,Married,2773
33,No,Male,Divorced,7104
32,No,Female,Married,6322
30,No,Female,Divorced,2083
53,No,Female,Single,8381
34,No,Male,Married,2691
45,Yes,Female,Married,4286
26,No,Female,Married,2659
37,No,Male,Married,9434
29,No,Female,Married,5561
35,No,Male,Single,6646
33,No,Male,Divorced,7725
54,No,Male,Married,10725
36,No,Male,Divorced,8847
27,No,Male,Single,2045
20,Yes,Male,Single,1009
33,Yes,Male,Single,3348
35,No,Male,Married,1281
23,No,Male,Married,2819
25,No,Male,Married,4851
38,No,Female,Single,4028
29,No,Male,Divorced,2720
48,No,Male,Married,8120
27,No,Female,Divorced,4647
37,No,Male,Single,4680
50,No,Male,Married,3221
34,No,Female,Single,8621
24,Yes,Female,Single,4577
39,No,Female,Single,4553
32,No,Male,Single,5396
50,Yes,Male,Married,6796
38,No,Female,Single,7625
27,No,Female,Married,7412
32,No,Female,Single,11159
47,No,Male,Single,4960
40,No,Male,Married,10475
53,No,Male,Married,14814
41,No,Male,Divorced,19141
60,No,Male,Single,5405
27,No,Male,Divorced,8793
41,No,Male,Married,19189
50,No,Male,Married,3875
28,Yes,Female,Single,2216
36,No,Female,Married,11713
38,No,Female,Single,7861
44,No,Male,Single,3708
47,No,Female,Divorced,13770
30,No,Male,Divorced,5304
29,No,Male,Single,2642
42,Yes,Male,Divorced,2759
43,No,Male,Married,6804
34,No,Female,Single,6142
23,No,Male,Married,2500
39,No,Female,Married,6389
56,No,Male,Married,11103
40,No,Female,Single,2342
27,No,Female,Single,6811
29,No,Male,Divorced,2297
53,No,Male,Single,2450
35,No,Female,Divorced,5093
32,No,Male,Married,5309
38,No,Male,Married,3057
34,No,Female,Divorced,5121
52,No,Male,Married,16856
33,Yes,Male,Single,2686
25,No,Female,Single,6180
45,No,Male,Single,6632
23,No,Male,Single,3505
47,Yes,Female,Single,6397
34,No,Male,Single,6274
55,Yes,Male,Married,19859
36,No,Male,Single,7587
52,No,Male,Married,4258
26,No,Female,Divorced,4364
29,No,Female,Married,4335
26,Yes,Male,Single,5326
34,No,Female,Single,3280
54,No,Female,Divorced,5485
27,No,Male,Married,4342
37,No,Female,Divorced,2782
38,No,Female,Single,5980
34,No,Female,Single,4381
35,No,Female,Married,2572
30,No,Male,Married,3833
40,No,Female,Married,4244
34,No,Female,Married,6500
42,No,Male,Divorced,18430
23,Yes,Male,Married,1601
24,No,Male,Divorced,2694
52,No,Female,Married,3149
50,No,Male,Married,17639
29,Yes,Female,Married,2319
33,No,Male,Married,11691
33,Yes,Female,Single,5324
47,No,Female,Married,16752
36,No,Female,Married,5228
29,No,Male,Married,2700
58,Yes,Male,Single,19246
35,No,Female,Single,2506
42,No,Female,Married,6062
28,Yes,Male,Single,4382
36,No,Male,Married,2143
32,No,Female,Married,6162
40,No,Male,Single,5094
30,No,Female,Single,6877
45,No,Female,Single,2274
42,No,Male,Married,4434
38,No,Male,Divorced,6288
34,No,Female,Single,2553
49,Yes,Female,Married,7654
55,Yes,Male,Single,5160
43,No,Male,Married,17159
27,No,Male,Divorced,12808
35,No,Male,Single,10221
28,No,Female,Married,4779
34,No,Male,Married,3737
26,Yes,Female,Married,2366
27,No,Male,Married,1706
51,No,Female,Married,16307
44,No,Male,Single,5933
25,No,Male,Single,3424
33,No,Male,Divorced,4037
35,No,Female,Single,2559
36,No,Male,Married,6201
32,No,Male,Divorced,4403
30,No,Male,Divorced,3761
53,No,Female,Married,10934
45,No,Male,Divorced,10761
32,No,Female,Married,5175
52,No,Female,Married,13826
37,No,Male,Divorced,6334
28,No,Male,Divorced,4936
22,No,Male,Married,4775
44,No,Male,Married,2818
42,No,Male,Single,2515
36,No,Male,Married,2342
25,No,Male,Married,4194
35,No,Female,Married,10685
35,Yes,Female,Divorced,2022
32,No,Male,Divorced,2314
25,No,Male,Married,4256
49,No,Female,Married,3580
24,No,Male,Married,3162
32,No,Male,Married,6524
38,No,Male,Married,2899
42,No,Female,Married,5231
31,No,Male,Married,2356
29,Yes,Female,Divorced,2800
53,No,Male,Married,11836
35,No,Male,Married,10903
37,No,Female,Married,2973
53,No,Female,Single,14275
43,No,Female,Married,5562
47,No,Female,Married,4537
37,No,Male,Single,7642
50,No,Male,Divorced,17924
39,No,Female,Married,5204
33,No,Male,Divorced,2277
32,Yes,Male,Single,2795
29,No,Female,Divorced,2532
44,No,Male,Married,2559
28,No,Male,Single,4908
58,Yes,Male,Divorced,2380
43,No,Female,Divorced,4765
20,Yes,Female,Single,2044
21,Yes,Female,Single,2693
36,No,Male,Married,6586
47,No,Female,Single,3294
22,Yes,Female,Married,4171
41,Yes,Female,Divorced,2778
28,No,Female,Divorced,2377
39,Yes,Male,Married,2404
27,No,Female,Single,2318
34,No,Male,Divorced,2008
42,No,Female,Single,6244
33,No,Male,Single,2799
58,No,Female,Divorced,10552
31,No,Male,Married,2329
35,No,Female,Married,4014
49,No,Female,Married,7403
48,No,Male,Married,2259
31,No,Female,Married,6932
36,No,Male,Single,4678
38,No,Female,Married,13582
32,No,Female,Married,2332
25,Yes,Male,Married,2413
40,No,Male,Divorced,9705
26,No,Male,Single,4294
41,No,Male,Single,4721
36,No,Male,Single,2519
19,Yes,Male,Single,2121
20,Yes,Male,Single,2973
31,No,Female,Married,5855
40,No,Male,Divorced,3617
32,No,Female,Married,6725
36,Yes,Male,Married,10325
33,No,Female,Single,6949
37,Yes,Male,Married,10609
45,No,Male,Married,4447
29,No,Female,Married,2157
35,No,Female,Married,4601
52,No,Male,Married,17099
58,Yes,Male,Single,2479
53,No,Male,Divorced,14852
30,No,Male,Divorced,7264
38,No,Female,Single,5666
35,No,Male,Divorced,7823
39,No,Male,Single,7880
40,Yes,Female,Single,13194
47,No,Male,Divorced,5067
36,No,Male,Divorced,5079
31,Yes,Male,Single,2321
33,No,Male,Single,17444
29,Yes,Female,Single,2404
33,No,Female,Single,3452
45,No,Female,Divorced,2270
50,No,Male,Divorced,17399
33,No,Female,Married,5488
41,No,Male,Divorced,19419
27,No,Female,Married,2811
45,No,Male,Married,3633
47,No,Female,Single,4163
30,Yes,Female,Married,2132
50,No,Male,Married,13973
38,No,Male,Married,2684
46,No,Male,Divorced,10845
24,No,Female,Divorced,4377
35,Yes,Male,Divorced,3743
31,No,Female,Married,4148
18,No,Male,Single,1051
54,No,Female,Married,10739
35,No,Female,Divorced,10388
30,No,Female,Married,11416
20,Yes,Female,Single,2600
30,Yes,Female,Single,2422
26,No,Male,Married,5472
22,No,Male,Married,2451
48,No,Male,Single,4240
48,No,Male,Single,10999
41,No,Female,Single,5003
39,No,Female,Married,12742
27,No,Female,Married,4227
35,No,Male,Divorced,3917
42,No,Male,Married,18303
50,No,Male,Married,2380
59,No,Female,Single,13726
37,Yes,Female,Married,4777
55,No,Male,Married,6385
41,No,Female,Divorced,19973
38,No,Male,Single,6861
26,Yes,Male,Single,4969
52,Yes,Female,Married,19845
44,No,Female,Married,13320
50,No,Female,Married,6347
36,Yes,Female,Single,2743
39,No,Female,Single,10880
33,No,Female,Single,2342
45,No,Female,Married,17650
32,No,Female,Single,4025
34,No,Male,Divorced,9725
59,No,Male,Married,11904
45,No,Male,Single,2177
53,No,Female,Married,7525
36,Yes,Male,Divorced,4834
26,Yes,Male,Married,2042
34,No,Female,Married,2220
28,No,Male,Married,1052
38,No,Male,Married,2821
50,No,Male,Married,19237
37,No,Female,Single,4107
40,No,Male,Married,8396
26,No,Female,Divorced,2007
46,No,Male,Divorced,19627
54,No,Female,Married,10686
56,No,Female,Married,2942
36,No,Female,Single,8858
55,No,Male,Single,16756
43,No,Male,Divorced,10798
20,Yes,Female,Single,2323
21,Yes,Female,Single,1416
46,No,Female,Divorced,4615
51,Yes,Male,Married,2461
28,Yes,Male,Single,8722
26,No,Male,Married,3955
30,No,Male,Married,9957
41,No,Female,Married,3376
38,No,Female,Married,8823
40,No,Male,Married,10322
27,No,Male,Married,4621
55,No,Male,Married,10976
28,No,Female,Single,3660
44,Yes,Male,Married,10482
33,No,Male,Divorced,7119
35,Yes,Male,Single,9582
33,Yes,Female,Single,4508
28,No,Male,Divorced,2207
34,No,Male,Single,7756
37,No,Female,Divorced,6694
25,Yes,Male,Married,3691
26,Yes,Male,Divorced,2377
33,Yes,Male,Single,2313
42,No,Male,Married,17665
28,Yes,Male,Divorced,2596
50,Yes,Male,Single,4728
33,No,Female,Married,4302
34,No,Male,Married,2979
48,No,Male,Single,16885
45,No,Female,Married,5593
52,No,Male,Single,10445
38,No,Male,Divorced,8740
29,No,Female,Divorced,2514
28,No,Female,Divorced,7655
46,No,Male,Married,17465
38,No,Male,Single,7351
43,No,Female,Married,10820
39,Yes,Male,Divorced,12169
40,No,Male,Single,19626
21,No,Female,Single,2070
39,No,Male,Single,6782
36,No,Male,Single,7779
31,No,Male,Married,2791
28,No,Male,Married,3201
35,No,Male,Divorced,4968
49,No,Male,Married,13120
34,No,Male,Single,4033
29,No,Female,Divorced,3291
42,No,Male,Single,4272
29,No,Male,Married,5056
38,No,Male,Married,2844
28,No,Male,Divorced,2703
18,Yes,Male,Single,1904
33,Yes,Female,Single,8224
41,No,Male,Married,4766
31,Yes,Male,Married,2610
37,No,Female,Divorced,5731
27,No,Male,Married,2539
34,No,Female,Married,5714
35,No,Male,Single,4323
29,Yes,Female,Married,7336
40,No,Female,Single,13499
42,Yes,Male,Single,13758
42,No,Male,Single,5155
35,No,Male,Married,2258
24,No,Male,Single,3597
28,Yes,Female,Married,2515
26,No,Male,Married,4420
30,No,Male,Married,6578
40,No,Female,Married,4422
35,No,Male,Divorced,10274
34,No,Male,Single,5343
35,No,Male,Married,2376
43,Yes,Female,Single,5346
32,No,Female,Divorced,2827
56,No,Female,Divorced,19943
29,No,Female,Married,3131
19,No,Male,Single,2552
45,No,Female,Married,4477
37,No,Female,Married,6474
20,No,Male,Single,3033
44,Yes,Male,Single,2936
53,No,Female,Divorced,18606
29,No,Female,Married,2168
22,Yes,Male,Married,2853
46,No,Female,Married,17048
44,No,Male,Single,2290
33,No,Male,Married,3600
41,Yes,Male,Divorced,2107
30,No,Male,Divorced,4115
40,No,Male,Married,4327
50,No,Female,Married,17856
28,No,Male,Married,3196
46,No,Male,Married,19081
35,No,Male,Married,8966
24,Yes,Female,Married,2210
33,No,Female,Married,4539
36,No,Male,Divorced,2741
30,No,Male,Divorced,3491
44,No,Male,Single,4541
20,No,Male,Single,2678
46,No,Male,Divorced,7379
42,No,Male,Married,6272
60,No,Male,Divorced,5220
32,No,Female,Married,2743
32,No,Female,Single,4998
36,No,Female,Divorced,10252
33,No,Male,Married,2781
40,No,Female,Divorced,6852
25,No,Male,Single,4950
30,No,Male,Married,3579
42,No,Female,Married,13191
35,No,Female,Married,10377
27,No,Male,Married,2235
54,No,Female,Divorced,10502
44,No,Female,Married,2011
19,Yes,Female,Single,1859
29,No,Female,Divorced,3760
54,No,Male,Married,17779
31,No,Male,Married,6833
31,No,Female,Single,6812
59,No,Female,Single,5171
43,No,Male,Married,19740
49,No,Male,Married,18711
36,No,Male,Married,3692
48,No,Male,Single,2559
27,No,Male,Divorced,2517
29,No,Male,Divorced,6623
48,No,Male,Single,18265
29,No,Female,Divorced,16124
34,No,Female,Married,2585
44,No,Male,Married,18213
33,No,Male,Divorced,8380
19,No,Female,Single,2994
23,No,Male,Married,1223
25,Yes,Male,Single,1118
26,No,Male,Single,2875
45,Yes,Female,Single,18824
55,No,Male,Divorced,13577
21,Yes,Female,Single,2625
46,No,Female,Married,18789
34,No,Female,Single,4538
51,No,Male,Divorced,19847
59,No,Male,Single,10512
34,No,Female,Divorced,4444
28,No,Male,Single,2154
44,No,Male,Divorced,19190
34,No,Male,Married,4490
35,No,Male,Married,3506
42,No,Female,Married,2372
43,No,Female,Single,10231
36,No,Female,Single,5410
44,Yes,Female,Married,7978
28,No,Male,Married,3867
51,No,Female,Single,2838
30,No,Female,Single,4695
29,Yes,Female,Divorced,3339
28,No,Male,Single,2080
25,No,Female,Single,2096
32,No,Male,Married,6209
45,No,Female,Single,18061
39,No,Female,Divorced,17123
58,No,Male,Divorced,2372
32,Yes,Male,Married,4883
39,Yes,Male,Single,3904
30,No,Female,Married,4627
36,No,Female,Married,7094
46,No,Female,Single,3423
28,No,Female,Married,6674
50,No,Female,Married,16880
40,Yes,Male,Single,9094
52,Yes,Male,Single,8446
30,No,Female,Married,11916
39,No,Male,Single,4534
31,No,Female,Divorced,9852
41,No,Male,Single,6151
31,Yes,Female,Single,2302
44,Yes,Male,Married,2362
42,No,Male,Married,17861
55,No,Female,Married,19187
56,No,Male,Single,19717
40,No,Male,Divorced,3544
34,No,Male,Divorced,8500
40,No,Male,Single,4661
41,No,Female,Divorced,4103
35,No,Male,Single,4249
51,No,Male,Divorced,14026
38,No,Female,Divorced,6893
34,No,Female,Single,6125
25,No,Male,Married,3669
58,Yes,Female,Married,10008
40,No,Male,Married,2387
36,No,Female,Married,4639
48,No,Male,Single,7898
27,No,Female,Married,2534
51,No,Female,Single,13142
18,No,Female,Single,1611
35,No,Female,Married,5363
27,No,Male,Single,5071
55,Yes,Male,Single,13695
56,No,Male,Married,13402
34,No,Female,Divorced,2029
40,No,Female,Divorced,6377
34,No,Male,Married,5429
31,Yes,Female,Single,2785
35,Yes,Female,Married,4614
38,No,Male,Divorced,2610
34,No,Female,Single,6687
28,No,Male,Married,4724
31,Yes,Male,Married,6179
39,No,Male,Married,6120
51,No,Male,Married,10596
41,No,Female,Divorced,5467
37,No,Male,Married,2996
33,No,Male,Married,9998
32,No,Male,Married,4078
39,No,Male,Married,10920
25,No,Male,Married,6232
52,No,Female,Married,13247
43,No,Female,Single,4081
27,No,Female,Married,5769
27,Yes,Female,Single,2394
26,No,Male,Single,3904
42,No,Female,Married,16799
52,No,Female,Married,2950
37,No,Female,Single,3629
35,No,Male,Single,9362
25,No,Male,Married,3229
26,No,Male,Single,3578
29,No,Male,Single,7988
49,Yes,Male,Single,4284
29,Yes,Female,Single,7553
54,No,Female,Single,17328
58,No,Female,Married,19701
55,No,Male,Divorced,14732
36,No,Female,Single,9278
31,Yes,Female,Single,1359
30,No,Female,Divorced,4779
31,No,Female,Single,16422
34,No,Male,Divorced,2996
31,Yes,Female,Single,1261
27,No,Male,Married,2099
36,No,Male,Single,5810
36,No,Female,Married,5647
47,No,Male,Married,3420
25,Yes,Male,Married,4400
37,No,Male,Single,3500
56,No,Female,Married,2066
47,No,Female,Married,17169
24,No,Female,Married,4162
32,No,Male,Married,9204
34,No,Female,Married,3294
41,No,Male,Married,2127
40,No,Male,Divorced,3975
31,No,Male,Divorced,10793
46,Yes,Male,Divorced,10096
39,Yes,Female,Single,3646
31,Yes,Female,Single,7446
45,No,Male,Divorced,10851
31,No,Female,Single,2109
31,Yes,Male,Married,3722
45,No,Male,Married,9380
48,No,Male,Divorced,5486
34,Yes,Female,Married,2742
40,No,Male,Divorced,13757
28,No,Male,Single,8463
44,No,Male,Single,3162
53,No,Male,Single,16598
49,No,Male,Married,6651
40,No,Male,Divorced,2345
44,No,Male,Single,3420
33,No,Male,Married,4373
34,No,Male,Single,4759
30,No,Male,Married,5301
42,No,Female,Single,3673
44,No,Female,Married,4768
30,No,Male,Divorced,1274
57,No,Male,Married,4900
49,No,Male,Divorced,10466
34,No,Male,Divorced,17007
28,Yes,Male,Married,2909
29,Yes,Female,Single,5765
34,Yes,Female,Single,4599
35,No,Male,Married,2404
24,Yes,Male,Single,3172
24,No,Female,Married,2033
44,No,Male,Single,10209
29,No,Male,Divorced,8620
30,No,Male,Divorced,2064
55,No,Male,Married,4035
33,No,Female,Married,3838
47,No,Female,Married,4591
28,Yes,Male,Single,2561
28,No,Male,Divorced,1563
28,No,Male,Single,4898
49,No,Female,Married,4789
29,No,Female,Married,3180
28,No,Male,Married,6549
33,No,Male,Single,6388
32,No,Male,Single,11244
54,No,Female,Divorced,16032
29,Yes,Male,Single,2362
44,No,Male,Married,16328
39,No,Female,Single,8376
46,No,Female,Married,16606
35,No,Female,Single,8606
23,No,Male,Single,2272
40,Yes,Male,Single,2018
34,No,Male,Married,7083
31,Yes,Female,Single,4084
50,No,Male,Single,14411
34,No,Male,Married,2308
42,No,Male,Married,4841
37,No,Male,Married,4285
29,No,Female,Married,9715
33,No,Male,Single,4320
45,No,Male,Married,2132
42,No,Male,Married,10124
40,No,Male,Married,5473
33,No,Male,Married,5207
40,No,Male,Single,16437
24,No,Male,Divorced,2296
40,No,Male,Divorced,4069
45,No,Male,Divorced,7441
35,No,Female,Married,2430
32,No,Female,Married,5878
36,No,Male,Single,2644
48,No,Female,Divorced,6439
29,No,Male,Married,2451
33,No,Male,Married,6392
30,Yes,Male,Married,9714
38,No,Male,Married,6077
35,No,Male,Single,2450
30,No,Male,Married,9250
35,Yes,Female,Divorced,2074
53,Yes,Female,Married,10169
38,Yes,Male,Married,4855
32,No,Male,Married,4087
48,No,Female,Married,2367
34,No,Male,Single,2972
55,No,Male,Married,19586
34,No,Male,Married,5484
26,No,Female,Married,2061
38,No,Male,Married,9924
38,No,Female,Single,4198
36,No,Female,Single,6815
29,No,Male,Single,4723
35,No,Female,Single,6142
39,No,Male,Married,8237
29,No,Male,Divorced,8853
50,No,Male,Married,19331
23,No,Male,Married,2073
36,No,Male,Married,5562
42,No,Male,Single,19613
35,No,Male,Married,3407
34,No,Male,Married,5063
40,No,Female,Married,4639
43,No,Male,Divorced,4876
35,No,Male,Married,2690
46,No,Male,Single,17567
28,Yes,Male,Married,2408
22,No,Female,Married,2814
50,No,Male,Married,11245
32,No,Female,Married,3312
44,No,Female,Divorced,19049
30,No,Male,Married,2141
45,No,Female,Single,5769
45,No,Male,Married,4385
31,No,Male,Single,5332
36,No,Female,Married,4663
34,No,Male,Divorced,4724
49,No,Female,Married,3211
39,No,Male,Married,5377
27,No,Male,Divorced,4066
35,No,Male,Married,5208
28,No,Female,Divorced,4877
21,No,Male,Single,3117
18,Yes,Female,Single,1569
47,No,Female,Married,19658
39,No,Male,Divorced,3069
40,No,Female,Married,10435
35,No,Female,Married,4148
37,No,Male,Married,5768
39,No,Female,Single,5042
45,No,Female,Divorced,5770
38,No,Female,Married,7756
35,Yes,Male,Married,10306
37,No,Female,Married,3936
40,No,Female,Single,7945
44,No,Male,Married,5743
48,No,Male,Married,15202
35,Yes,Male,Divorced,5440
24,No,Female,Single,3760
27,No,Female,Married,3517
27,No,Male,Single,2580
40,Yes,Male,Single,2166
29,No,Male,Single,5869
36,No,Female,Married,8008
25,No,Male,Divorced,5206
39,No,Male,Married,5295
49,No,Female,Married,16413
50,No,Female,Divorced,13269
20,No,Female,Single,2783
34,No,Female,Divorced,5433
36,No,Male,Single,2013
49,No,Female,Married,13966
36,No,Female,Married,4374
36,No,Male,Divorced,6842
54,No,Female,Married,17426
43,No,Male,Married,17603
35,Yes,Male,Single,4581
38,No,Male,Married,4735
29,No,Male,Divorced,4187
33,No,Male,Divorced,5505
32,No,Male,Divorced,5470
31,No,Female,Married,5476
49,No,Female,Divorced,2587
38,No,Female,Single,2440
47,No,Female,Divorced,15972
49,No,Male,Single,15379
41,No,Male,Single,7082
20,No,Male,Single,2728
33,No,Female,Divorced,5368
36,No,Male,Married,5347
44,No,Female,Divorced,3195
23,Yes,Male,Single,3989
38,No,Female,Married,3306
53,No,Male,Married,7005
48,Yes,Female,Married,2655
32,Yes,Male,Single,1393
26,No,Male,Single,2570
55,No,Male,Divorced,3537
34,No,Male,Married,3986
60,No,Male,Divorced,10883
33,No,Male,Married,2028
37,No,Male,Divorced,9525
34,No,Female,Married,2929
23,Yes,Male,Divorced,2275
44,No,Female,Married,7879
35,No,Male,Single,4930
43,No,Male,Married,7847
24,No,Male,Married,4401
41,No,Male,Single,9241
29,No,Female,Married,2974
36,No,Female,Single,4502
45,No,Male,Married,10748
24,Yes,Male,Married,1555
47,Yes,Male,Married,12936
26,No,Male,Married,2305
45,No,Female,Single,16704
32,No,Male,Married,3433
31,No,Male,Married,3477
41,No,Male,Married,6430
40,No,Female,Married,6516
24,No,Male,Divorced,3907
46,No,Male,Single,5562
35,No,Male,Married,6883
30,No,Male,Married,2862
47,No,Male,Married,4978
46,No,Male,Divorced,10368
36,Yes,Male,Divorced,6134
32,Yes,Male,Single,6735
23,No,Female,Single,3295
31,No,Female,Single,5238
39,No,Male,Married,6472
32,No,Male,Married,9610
40,No,Male,Single,19833
45,No,Female,Married,9756
30,No,Female,Single,4968
24,No,Male,Married,2145
30,Yes,Female,Divorced,2180
31,No,Male,Married,8346
27,No,Female,Single,3445
29,Yes,Female,Single,2760
29,No,Male,Single,6294
30,No,Male,Divorced,7140
34,No,Male,Married,2932
33,No,Female,Single,5147
49,No,Female,Single,4507
33,Yes,Female,Single,8564
38,No,Female,Married,2468
31,Yes,Male,Married,8161
29,No,Female,Divorced,2109
30,No,Male,Married,5294
32,No,Male,Single,2718
38,No,Male,Married,5811
43,Yes,Male,Married,2437
42,No,Male,Divorced,2766
55,No,Male,Married,19038
33,No,Male,Divorced,3055
41,No,Male,Divorced,2289
34,No,Male,Divorced,4001
53,No,Female,Married,12965
43,No,Male,Single,3539
34,No,Female,Single,6029
21,Yes,Male,Single,2679
38,No,Female,Married,3702
22,Yes,Female,Married,2398
31,No,Female,Married,5468
51,No,Female,Married,13116
37,No,Male,Married,4189
46,No,Male,Divorced,19328
36,No,Male,Married,8321
44,Yes,Male,Divorced,2342
37,No,Male,Divorced,4071
35,Yes,Male,Single,5813
33,No,Male,Married,3143
28,No,Male,Married,2044
39,No,Male,Single,13464
46,No,Male,Single,7991
40,No,Female,Married,3377
42,No,Male,Married,5538
35,No,Male,Divorced,5762
38,No,Male,Divorced,2592
34,Yes,Male,Married,5346
37,Yes,Male,Single,4213
39,No,Male,Divorced,4127
43,No,Male,Single,2438
41,No,Male,Single,6870
41,No,Female,Divorced,10447
30,No,Female,Single,9667
26,Yes,Female,Married,2148
46,Yes,Female,Married,8926
40,No,Female,Divorced,6513
34,No,Male,Married,6799
58,No,Male,Divorced,16291
35,No,Male,Married,2705
47,No,Female,Divorced,10333
40,No,Female,Divorced,4448
54,No,Female,Married,6854
31,No,Female,Married,9637
28,No,Female,Married,3591
38,No,Female,Married,5405
26,No,Male,Single,4684
58,No,Male,Married,15787
18,No,Female,Single,1514
31,Yes,Male,Married,2956
29,Yes,Male,Divorced,2335
45,No,Female,Married,5154
36,No,Female,Married,6962
43,No,Male,Married,5675
27,No,Female,Single,2379
29,No,Male,Married,3812
32,No,Male,Single,4648
42,No,Male,Married,2936
47,No,Female,Single,2105
46,No,Male,Divorced,8578
28,No,Male,Divorced,2706
29,No,Male,Divorced,6384
42,No,Male,Single,3968
32,Yes,Male,Single,9907
46,No,Female,Divorced,13225
27,No,Female,Married,3540
29,No,Male,Married,2804
43,No,Female,Married,19392
48,No,Male,Married,19665
29,Yes,Male,Single,2439
46,Yes,Female,Married,7314
27,No,Female,Married,4774
39,No,Male,Divorced,3902
55,No,Male,Married,2662
28,No,Female,Married,2856
30,Yes,Male,Single,1081
22,Yes,Male,Single,2472
36,No,Female,Married,5673
31,No,Male,Divorced,4197
34,No,Male,Married,9713
29,No,Male,Single,2062
37,No,Male,Married,4284
35,No,Female,Married,4788
45,No,Female,Married,5906
36,No,Male,Single,3886
40,No,Male,Divorced,16823
26,No,Female,Married,2933
27,No,Female,Single,6500
48,No,Female,Divorced,17174
44,No,Male,Married,5033
34,Yes,Male,Married,2307
56,Yes,Male,Single,2587
36,No,Male,Married,5507
41,No,Female,Married,4393
42,No,Male,Married,13348
31,No,Female,Divorced,6583
34,No,Female,Married,8103
31,No,Female,Divorced,3978
26,No,Male,Married,2544
45,No,Male,Single,5399
33,No,Male,Single,5487
28,No,Male,Married,6834
29,Yes,Male,Single,1091
39,No,Female,Married,5736
27,No,Male,Married,2226
34,No,Male,Married,5747
28,Yes,Female,Single,9854
47,No,Male,Married,5467
56,No,Female,Married,5380
39,No,Male,Married,5151
38,No,Female,Divorced,2133
58,No,Female,Married,17875
32,Yes,Female,Single,2432
38,No,Male,Divorced,4771
49,No,Male,Married,19161
42,No,Male,Divorced,5087
27,Yes,Female,Married,2863
35,No,Male,Married,5561
28,No,Male,Single,2144
31,No,Male,Divorced,3065
36,No,Male,Married,2810
34,No,Male,Single,9888
34,No,Male,Divorced,8628
26,No,Male,Single,2867
29,No,Male,Married,5373
32,No,Female,Divorced,6667
31,No,Male,Married,5003
28,Yes,Male,Divorced,2367
38,No,Male,Single,2858
35,No,Female,Married,5204
27,No,Male,Single,4105
32,No,Male,Single,9679
31,Yes,Male,Married,5617
53,Yes,Male,Single,10448
54,No,Female,Married,2897
33,No,Male,Divorced,5968
43,No,Male,Married,7510
38,No,Male,Married,2991
55,No,Male,Married,19636
31,No,Female,Divorced,1129
39,No,Male,Single,13341
42,No,Male,Single,4332
31,No,Female,Married,11031
54,No,Female,Single,4440
24,No,Male,Single,4617
23,No,Male,Single,2647
40,No,Female,Married,6323
40,No,Female,Married,5677
25,No,Female,Married,2187
30,No,Male,Married,3748
25,No,Male,Divorced,3977
47,No,Male,Single,8633
33,No,Male,Divorced,2008
38,No,Male,Married,4440
31,No,Male,Married,3067
38,No,Male,Married,5321
42,No,Male,Divorced,5410
41,No,Male,Married,2782
47,No,Female,Married,11957
35,No,Male,Married,2660
22,No,Male,Single,3375
35,No,Male,Single,5098
33,No,Female,Married,4878
32,No,Female,Single,2837
40,No,Male,Married,2406
32,No,Male,Married,2269
39,No,Male,Single,4108
38,No,Female,Married,13206
32,No,Female,Married,10422
37,No,Female,Married,13744
25,No,Female,Divorced,4907
52,No,Male,Divorced,3482
44,No,Male,Single,2436
21,No,Male,Single,2380
39,No,Male,Single,19431
23,Yes,Male,Married,1790
36,No,Female,Married,7644
36,No,Female,Divorced,5131
56,No,Male,Divorced,6306
29,Yes,Male,Married,4787
42,No,Male,Married,18880
56,Yes,Male,Married,2339
41,No,Female,Married,13570
34,No,Female,Married,6712
36,No,Male,Divorced,5406
41,No,Male,Divorced,8938
32,No,Male,Single,2439
35,No,Female,Single,8837
38,No,Female,Married,5343
50,Yes,Male,Divorced,6728
36,No,Female,Married,6652
45,No,Female,Single,4850
40,No,Male,Single,2809
35,No,Male,Married,5689
40,No,Female,Married,2001
35,No,Female,Married,2977
29,No,Male,Married,4025
29,No,Female,Single,3785
50,Yes,Male,Divorced,10854
39,No,Female,Married,12031
31,No,Male,Single,9936
26,No,Female,Single,2966
36,No,Male,Married,2571
39,No,Male,Married,9991
27,No,Male,Married,6142
49,No,Male,Married,5390
34,No,Male,Married,4404
